id,name,repo,type,framework,loc,r7,target,risk,confidence,effort_low,effort_high,effort_likely,complexity,decision_source
eshopmodernizing-eshoplegacymvcsolution-eshopported-eshopported,eShopPorted,eshopmodernizing,aspnet-core,net461,1429,Replatform,.NET 10 on Linux containers - Amazon ECS on AWS Fargate behind an ALB; Amazon RDS for SQL Server,Medium,High,1.7,6.0,3.4,S,review
eshopmodernizing-eshoplegacymvcsolution-src-eshoplegacymvc-eshoplegacymvc,eShopLegacyMVC,eshopmodernizing,aspnet-mvc,v4.7.2,1741,Retire,Decommission after eShopPorted reaches functional parity,Medium,High,0.3,1.3,0.7,S,review
eshopmodernizing-eshoplegacyntier-src-eshopwcfservice-eshopwcfservice,eShopWCFService,eshopmodernizing,wcf-service,v4.6.1,611,Replatform,.NET 10 with CoreWCF (BasicHttpBinding) on Linux containers - Amazon ECS on AWS Fargate behind an ALB (HTTPS),Medium,High,1.8,6.0,3.5,S,review
eshopmodernizing-eshoplegacyntier-src-eshopwinforms-eshopwinforms,eShopWinForms,eshopmodernizing,winforms,v4.7,672,Retain,Windows desktop on user machines; repoint the service endpoint to AWS; optional upgrade to .NET 10 Windows Desktop,High,Medium,0.8,3.2,1.8,S,review
eshopmodernizing-eshoplegacywebformssolution-src-eshoplegacywebforms-eshoplegacywebforms,eShopLegacyWebForms,eshopmodernizing,aspnet-webforms,v4.7.2,1757,Refactor,.NET 10 Blazor Web App on Linux containers - Amazon ECS on AWS Fargate behind an ALB,High,Medium,3.8,13.6,7.7,M,review
eshopmodernizing-eshopmodernizedmvcsolution-src-eshopmodernizedmvc-eshopmodernizedmvc,eShopModernizedMVC,eshopmodernizing,aspnet-mvc,v4.7.2,2164,Retire,Decommission (duplicate variant of the catalog web app),Medium,High,0.3,1.3,0.7,S,review
eshopmodernizing-eshopmodernizedntier-src-eshopwcfservice-eshopwcfservice,eShopWCFService,eshopmodernizing,wcf-service,v4.6.1,643,Retire,Decommission (duplicate of eShopLegacyNTier/eShopWCFService),Medium,High,0.3,1.3,0.7,S,review
eshopmodernizing-eshopmodernizedntier-src-eshopwinforms-eshopwinforms,eShopWinForms,eshopmodernizing,wpf,net6.0-windows,438,Retain,Windows desktop (.NET 6 WPF/WinForms client; upgrade to .NET 10 Windows Desktop because .NET 6 is out of support),High,Medium,0.7,2.7,1.5,S,review
eshopmodernizing-eshopmodernizedntier-src-eshopwinforms-eshopwinforms-fx,eShopWinForms.fx,eshopmodernizing,winforms,v4.7.1,0,Retire,Remove (alternative .NET Framework project file for the same desktop client),Low,High,0.3,1.3,0.7,S,review
eshopmodernizing-eshopmodernizedwebformssolution-src-eshopmodernizedwebforms-eshopmodernizedwebforms,eShopModernizedWebForms,eshopmodernizing,aspnet-webforms,v4.7.2,2365,Retire,Decommission (duplicate variant of the Web Forms catalog),High,Medium,0.3,1.4,0.7,S,review
