#,area,question,raised_by,answer
1,Code finding,"Is BinaryFormatter output persisted (database, files, session, cache) and needed after migration?",F-006,
2,Code finding,"Who consumes these WCF services (internal apps, partners) and which bindings/security modes do they use?",F-035,
3,Code finding,"Which external systems call these SOAP endpoints, and can they change contract?",F-037,
4,Code finding,"Which identity provider tenant/app registrations does each application use, and who can add the new redirect URIs?",F-049,
5,Code finding,"How are desktop clients deployed and updated (MSI, ClickOnce, manual), and how many are installed?",F-068,
6,Code finding,"Which time zone are the current servers set to, and which business rules depend on it?",F-118,
7,Code finding,"Where are production connection strings configured (IIS, transforms, deployment tool), and do they use Windows or SQL authentication?",F-134,
8,Application,Another application named 'eShopWCFService' exists in this estate: confirm whether one is a duplicate/variant to Retire.,eShopWCFService,
9,Application,Another application named 'eShopWinForms' exists in this estate: confirm whether one is a duplicate/variant to Retire.,eShopWinForms,
10,Application,Another application named 'eShopWCFService' exists in this estate: confirm whether one is a duplicate/variant to Retire.,eShopWCFService,
11,Application,Another application named 'eShopWinForms' exists in this estate: confirm whether one is a duplicate/variant to Retire.,eShopWinForms,
12,Infrastructure,"Server inventory per application: OS version, CPU/RAM, IIS version and modules, app-pool identities, and current utilisation (for right-sizing).",standard,
13,Infrastructure,"Hypervisor and network: VMware / Hyper-V / Proxmox version, static IPs, VLANs and firewall rules the applications rely on.",standard,
14,Infrastructure,"Scheduled tasks, Windows services and SQL Agent jobs running on the servers (the repositories rarely contain all of them).",standard,
15,Security,"Certificates in use (TLS, client, signing) and where their private keys live.",standard,
16,Security,"Compliance regime (HIPAA, PCI DSS, SOC 2, ISO 27001) and data-residency constraints that limit AWS Regions or services.",standard,
17,Identity,"How users authenticate today (AD, ADFS, Entra ID, local accounts) and whether a move to SSO/OIDC is acceptable.",standard,
18,Data,"Database sizes, growth, maintenance windows and acceptable downtime for cut-over.",standard,
19,Integrations,"Partners that allow-list our source IPs, VPN tunnels and on-prem systems that stay on-premises.",standard,
20,Delivery,"Branching model, release cadence, and whether a code-freeze window per wave is possible.",standard,
21,Testing,"Availability of QA with domain knowledge, test environments and test data per wave.",standard,
22,Licensing,"Current Windows Server and SQL Server licences (edition, cores, Software Assurance / licence mobility) for the cost model (AWS OLA).",standard,
