repo,package,versions,latest,status,severity,vulnerable,note,replacement,projects
eshopmodernizing,Antlr,3.5.0.2,3.5.0.2,remove,Info,,Bundling dependencies.,Not needed,eShopLegacyMVCSolution/eShopPorted/eShopPorted.csproj; eShopLegacyMVCSolution/src/eShopLegacyMVC/eShopLegacyMVC.csproj; eShopLegacyWebFormsSolution/src/eShopLegacyWebForms/eShopLegacyWebForms.csproj; eShopModernizedMVCSolution/src/eShopModernizedMVC/eShopModernizedMVC.csproj; eShopModernizedWebFormsSolution/src/eShopModernizedWebForms/eShopModernizedWebForms.csproj
eshopmodernizing,AspNet.ScriptManager.bootstrap,4.3.1,5.2.3,ok,Info,,Latest 5.2.3 targets any,,eShopLegacyWebFormsSolution/src/eShopLegacyWebForms/eShopLegacyWebForms.csproj; eShopModernizedWebFormsSolution/src/eShopModernizedWebForms/eShopModernizedWebForms.csproj
eshopmodernizing,AspNet.ScriptManager.jQuery,3.3.1; 3.4.1,3.7.1,ok,Info,,Latest 3.7.1 targets any,,eShopLegacyWebFormsSolution/src/eShopLegacyWebForms/eShopLegacyWebForms.csproj; eShopModernizedWebFormsSolution/src/eShopModernizedWebForms/eShopModernizedWebForms.csproj
eshopmodernizing,Autofac,4.9.1; 4.9.4; 6.1.0,9.3.4,ok,Info,,Cross-platform on .NET 10 in current versions; upgrade to a current major (check breaking changes).,Current version,eShopLegacyMVCSolution/eShopPorted/eShopPorted.csproj; eShopLegacyMVCSolution/src/eShopLegacyMVC/eShopLegacyMVC.csproj; eShopLegacyWebFormsSolution/src/eShopLegacyWebForms/eShopLegacyWebForms.csproj; eShopModernizedMVCSolution/src/eShopModernizedMVC/eShopModernizedMVC.csproj; eShopModernizedWebFormsSolution/src/eShopModernizedWebForms/eShopModernizedWebForms.csproj
eshopmodernizing,Autofac.Extensions.DependencyInjection,4.4.0,11.0.2,ok,Info,,"Latest 11.0.2 targets .netstandard2.0, .netstandard2.1, net10.0, net8.0",,eShopLegacyMVCSolution/eShopPorted/eShopPorted.csproj
eshopmodernizing,Autofac.Mvc5,4.0.2,7.0.0,replace,Low,,DI integrations for System.Web.,Microsoft.Extensions.DependencyInjection (or the container's ASP.NET Core integration; StructureMap -> Lamar),eShopLegacyMVCSolution/eShopPorted/eShopPorted.csproj; eShopLegacyMVCSolution/src/eShopLegacyMVC/eShopLegacyMVC.csproj; eShopModernizedMVCSolution/src/eShopModernizedMVC/eShopModernizedMVC.csproj
eshopmodernizing,Autofac.Web,4.0.0,8.0.0,replace,Medium,,No .NET Standard/.NET target in latest 8.0.0 (targets .netframework4.8.1),,eShopLegacyWebFormsSolution/src/eShopLegacyWebForms/eShopLegacyWebForms.csproj; eShopModernizedWebFormsSolution/src/eShopModernizedWebForms/eShopModernizedWebForms.csproj
eshopmodernizing,autofac.webapi2,6.0.1,7.0.0,replace,Low,,DI integrations for System.Web.,Microsoft.Extensions.DependencyInjection (or the container's ASP.NET Core integration; StructureMap -> Lamar),eShopLegacyMVCSolution/src/eShopLegacyMVC/eShopLegacyMVC.csproj
eshopmodernizing,bootstrap,4.3.1,5.3.8,replace,Low,,Client libraries delivered via NuGet (content packages).,npm / LibMan / CDN,eShopLegacyMVCSolution/src/eShopLegacyMVC/eShopLegacyMVC.csproj; eShopLegacyWebFormsSolution/src/eShopLegacyWebForms/eShopLegacyWebForms.csproj; eShopModernizedMVCSolution/src/eShopModernizedMVC/eShopModernizedMVC.csproj; eShopModernizedWebFormsSolution/src/eShopModernizedWebForms/eShopModernizedWebForms.csproj
eshopmodernizing,EntityFramework,6.1.3; 6.2.0; 6.3.0; 6.4.4,6.5.2,upgrade,Low,,EF 6.4+ runs on .NET 10 (cross-platform); EDMX needs embedded metadata; maintenance mode. Version in use is marked Legacy; use EntityFramework on nuget.org; latest is 6.5.2.,EntityFramework 6.5.x now; Microsoft.EntityFrameworkCore.SqlServer 10 later,eShopLegacyMVCSolution/src/eShopLegacyMVC/eShopLegacyMVC.csproj; eShopLegacyNTier/src/eShopWCFService/eShopWCFService.csproj; eShopLegacyNTier/src/eShopWinForms/eShopWinForms.csproj; eShopLegacyWebFormsSolution/src/eShopLegacyWebForms/eShopLegacyWebForms.csproj; eShopModernizedMVCSolution/src/eShopModernizedMVC/eShopModernizedMVC.csproj; eShopModernizedNTier/src/eShopWCFService/eShopWCFService.csproj; eShopModernizedNTier/src/eShopWinForms/eShopWinForms.csproj; eShopModernizedNTier/src/eShopWinForms/eShopWinForms.fx.csproj; eShopModernizedWebFormsSolution/src/eShopModernizedWebForms/eShopModernizedWebForms.csproj
eshopmodernizing,jQuery,3.5.0,3.7.1,replace,Low,,Client libraries delivered via NuGet (content packages).,npm / LibMan / CDN,eShopLegacyMVCSolution/src/eShopLegacyMVC/eShopLegacyMVC.csproj; eShopLegacyWebFormsSolution/src/eShopLegacyWebForms/eShopLegacyWebForms.csproj; eShopModernizedMVCSolution/src/eShopModernizedMVC/eShopModernizedMVC.csproj; eShopModernizedWebFormsSolution/src/eShopModernizedWebForms/eShopModernizedWebForms.csproj
eshopmodernizing,jQuery.Validation,1.19.4,1.21.0,replace,Low,,Client libraries delivered via NuGet (content packages).,npm / LibMan / CDN,eShopLegacyMVCSolution/src/eShopLegacyMVC/eShopLegacyMVC.csproj; eShopModernizedMVCSolution/src/eShopModernizedMVC/eShopModernizedMVC.csproj
eshopmodernizing,log4net,2.0.10; 2.0.12,3.5.0,ok,Info,2.0.10: moderate severity advisory; 2.0.12: moderate severity advisory,Cross-platform on .NET 10 in current versions; upgrade to a current major (check breaking changes).,Current version,eShopLegacyMVCSolution/eShopPorted/eShopPorted.csproj; eShopLegacyMVCSolution/src/eShopLegacyMVC/eShopLegacyMVC.csproj; eShopLegacyWebFormsSolution/src/eShopLegacyWebForms/eShopLegacyWebForms.csproj; eShopModernizedMVCSolution/src/eShopModernizedMVC/eShopModernizedMVC.csproj; eShopModernizedWebFormsSolution/src/eShopModernizedWebForms/eShopModernizedWebForms.csproj
eshopmodernizing,log4net.Appender.Azure,1.4.3.0,1.4.3,replace,Medium,,No .NET Standard/.NET target in latest 1.4.3 (targets .netframework4.5),,eShopModernizedMVCSolution/src/eShopModernizedMVC/eShopModernizedMVC.csproj; eShopModernizedWebFormsSolution/src/eShopModernizedWebForms/eShopModernizedWebForms.csproj
eshopmodernizing,Microsoft.ApplicationInsights,2.11.0; 2.9.1,3.1.2,upgrade,Info,,Version in use is marked Other on nuget.org; latest is 3.1.2.,,eShopLegacyMVCSolution/src/eShopLegacyMVC/eShopLegacyMVC.csproj; eShopLegacyWebFormsSolution/src/eShopLegacyWebForms/eShopLegacyWebForms.csproj; eShopModernizedMVCSolution/src/eShopModernizedMVC/eShopModernizedMVC.csproj; eShopModernizedWebFormsSolution/src/eShopModernizedWebForms/eShopModernizedWebForms.csproj
eshopmodernizing,Microsoft.ApplicationInsights.Agent.Intercept,2.4.0,2.4.0,replace,Low,,Azure monitoring for System.Web/Windows.,OpenTelemetry + CloudWatch / X-Ray (ADOT),eShopLegacyMVCSolution/src/eShopLegacyMVC/eShopLegacyMVC.csproj; eShopLegacyWebFormsSolution/src/eShopLegacyWebForms/eShopLegacyWebForms.csproj; eShopModernizedMVCSolution/src/eShopModernizedMVC/eShopModernizedMVC.csproj; eShopModernizedWebFormsSolution/src/eShopModernizedWebForms/eShopModernizedWebForms.csproj
eshopmodernizing,Microsoft.ApplicationInsights.DependencyCollector,2.11.2; 2.9.1,2.23.0,replace,Low,,Azure monitoring for System.Web/Windows.,OpenTelemetry + CloudWatch / X-Ray (ADOT),eShopLegacyMVCSolution/src/eShopLegacyMVC/eShopLegacyMVC.csproj; eShopLegacyWebFormsSolution/src/eShopLegacyWebForms/eShopLegacyWebForms.csproj; eShopModernizedMVCSolution/src/eShopModernizedMVC/eShopModernizedMVC.csproj; eShopModernizedWebFormsSolution/src/eShopModernizedWebForms/eShopModernizedWebForms.csproj
eshopmodernizing,Microsoft.ApplicationInsights.Log4NetAppender,2.11.0,2.23.0,upgrade,Info,,Version in use is marked Other on nuget.org; latest is 2.23.0.,,eShopModernizedMVCSolution/src/eShopModernizedMVC/eShopModernizedMVC.csproj
eshopmodernizing,Microsoft.ApplicationInsights.PerfCounterCollector,2.11.2; 2.9.1,2.23.0,replace,Low,,Azure monitoring for System.Web/Windows.,OpenTelemetry + CloudWatch / X-Ray (ADOT),eShopLegacyMVCSolution/src/eShopLegacyMVC/eShopLegacyMVC.csproj; eShopLegacyWebFormsSolution/src/eShopLegacyWebForms/eShopLegacyWebForms.csproj; eShopModernizedMVCSolution/src/eShopModernizedMVC/eShopModernizedMVC.csproj; eShopModernizedWebFormsSolution/src/eShopModernizedWebForms/eShopModernizedWebForms.csproj
eshopmodernizing,Microsoft.ApplicationInsights.ServiceFabric,2.3.1,2.3.1,ok,Info,,"Latest 2.3.1 targets .netframework4.5, .netstandard1.3",,eShopModernizedMVCSolution/src/eShopModernizedMVC/eShopModernizedMVC.csproj; eShopModernizedWebFormsSolution/src/eShopModernizedWebForms/eShopModernizedWebForms.csproj
eshopmodernizing,Microsoft.ApplicationInsights.TraceListener,2.11.0,2.23.0,upgrade,Info,,Version in use is marked Other on nuget.org; latest is 2.23.0.,,eShopModernizedMVCSolution/src/eShopModernizedMVC/eShopModernizedMVC.csproj; eShopModernizedWebFormsSolution/src/eShopModernizedWebForms/eShopModernizedWebForms.csproj
eshopmodernizing,Microsoft.ApplicationInsights.Web,2.11.2; 2.9.1,3.1.2,replace,Low,,Azure monitoring for System.Web/Windows.,OpenTelemetry + CloudWatch / X-Ray (ADOT),eShopLegacyMVCSolution/src/eShopLegacyMVC/eShopLegacyMVC.csproj; eShopLegacyWebFormsSolution/src/eShopLegacyWebForms/eShopLegacyWebForms.csproj; eShopModernizedMVCSolution/src/eShopModernizedMVC/eShopModernizedMVC.csproj; eShopModernizedWebFormsSolution/src/eShopModernizedWebForms/eShopModernizedWebForms.csproj
eshopmodernizing,Microsoft.ApplicationInsights.WindowsServer,2.11.2; 2.9.1,2.23.0,replace,Low,,Azure monitoring for System.Web/Windows.,OpenTelemetry + CloudWatch / X-Ray (ADOT),eShopLegacyMVCSolution/src/eShopLegacyMVC/eShopLegacyMVC.csproj; eShopLegacyWebFormsSolution/src/eShopLegacyWebForms/eShopLegacyWebForms.csproj; eShopModernizedMVCSolution/src/eShopModernizedMVC/eShopModernizedMVC.csproj; eShopModernizedWebFormsSolution/src/eShopModernizedWebForms/eShopModernizedWebForms.csproj
eshopmodernizing,Microsoft.ApplicationInsights.WindowsServer.TelemetryChannel,2.11.0; 2.9.1,2.23.0,replace,Low,,Azure monitoring for System.Web/Windows.,OpenTelemetry + CloudWatch / X-Ray (ADOT),eShopLegacyMVCSolution/src/eShopLegacyMVC/eShopLegacyMVC.csproj; eShopLegacyWebFormsSolution/src/eShopLegacyWebForms/eShopLegacyWebForms.csproj; eShopModernizedMVCSolution/src/eShopModernizedMVC/eShopModernizedMVC.csproj; eShopModernizedWebFormsSolution/src/eShopModernizedWebForms/eShopModernizedWebForms.csproj
eshopmodernizing,Microsoft.AspNet.FriendlyUrls,1.0.2,1.0.2,blocker,High,,Web Forms infrastructure.,Part of the Web Forms UI rewrite,eShopLegacyWebFormsSolution/src/eShopLegacyWebForms/eShopLegacyWebForms.csproj; eShopModernizedWebFormsSolution/src/eShopModernizedWebForms/eShopModernizedWebForms.csproj
eshopmodernizing,Microsoft.AspNet.FriendlyUrls.Core,1.0.2,1.0.2,replace,Medium,,"No .NET Standard/.NET target in latest 1.0.2 (targets .netframework4.0, .netframework4.5)",,eShopLegacyWebFormsSolution/src/eShopLegacyWebForms/eShopLegacyWebForms.csproj; eShopModernizedWebFormsSolution/src/eShopModernizedWebForms/eShopModernizedWebForms.csproj
eshopmodernizing,Microsoft.AspNet.Mvc,5.2.7,5.3.0,replace,Info,,ASP.NET MVC 5 is .NET Framework only.,ASP.NET Core MVC (Microsoft.AspNetCore.App framework),eShopLegacyMVCSolution/src/eShopLegacyMVC/eShopLegacyMVC.csproj; eShopModernizedMVCSolution/src/eShopModernizedMVC/eShopModernizedMVC.csproj
eshopmodernizing,Microsoft.AspNet.Razor,3.2.7,3.3.0,replace,Info,,System.Web Razor.,ASP.NET Core Razor,eShopLegacyMVCSolution/src/eShopLegacyMVC/eShopLegacyMVC.csproj; eShopModernizedMVCSolution/src/eShopModernizedMVC/eShopModernizedMVC.csproj
eshopmodernizing,Microsoft.AspNet.ScriptManager.MSAjax,5.0.0,5.0.0,blocker,High,,Web Forms infrastructure.,Part of the Web Forms UI rewrite,eShopLegacyWebFormsSolution/src/eShopLegacyWebForms/eShopLegacyWebForms.csproj; eShopModernizedWebFormsSolution/src/eShopModernizedWebForms/eShopModernizedWebForms.csproj
eshopmodernizing,Microsoft.AspNet.ScriptManager.WebForms,5.0.0,5.0.0,blocker,High,,Web Forms infrastructure.,Part of the Web Forms UI rewrite,eShopLegacyWebFormsSolution/src/eShopLegacyWebForms/eShopLegacyWebForms.csproj; eShopModernizedWebFormsSolution/src/eShopModernizedWebForms/eShopModernizedWebForms.csproj
eshopmodernizing,Microsoft.AspNet.SessionState.SessionStateModule,1.1.0,2.0.0,replace,Low,,System.Web-specific helpers.,ASP.NET Core built-ins / Microsoft.AspNetCore.OData,eShopLegacyMVCSolution/src/eShopLegacyMVC/eShopLegacyMVC.csproj; eShopLegacyWebFormsSolution/src/eShopLegacyWebForms/eShopLegacyWebForms.csproj; eShopModernizedMVCSolution/src/eShopModernizedMVC/eShopModernizedMVC.csproj; eShopModernizedWebFormsSolution/src/eShopModernizedWebForms/eShopModernizedWebForms.csproj
eshopmodernizing,Microsoft.AspNet.TelemetryCorrelation,1.0.5; 1.0.7,1.0.8,replace,Low,,System.Web-specific helpers.,ASP.NET Core built-ins / Microsoft.AspNetCore.OData,eShopLegacyMVCSolution/src/eShopLegacyMVC/eShopLegacyMVC.csproj; eShopLegacyWebFormsSolution/src/eShopLegacyWebForms/eShopLegacyWebForms.csproj; eShopModernizedMVCSolution/src/eShopModernizedMVC/eShopModernizedMVC.csproj; eShopModernizedWebFormsSolution/src/eShopModernizedWebForms/eShopModernizedWebForms.csproj
eshopmodernizing,Microsoft.AspNet.Web.Optimization,1.1.3,1.1.3,replace,Low,,System.Web bundling.,Build-time bundling (Vite/esbuild) or LigerShark.WebOptimizer.Core,eShopLegacyMVCSolution/src/eShopLegacyMVC/eShopLegacyMVC.csproj; eShopLegacyWebFormsSolution/src/eShopLegacyWebForms/eShopLegacyWebForms.csproj; eShopModernizedMVCSolution/src/eShopModernizedMVC/eShopModernizedMVC.csproj; eShopModernizedWebFormsSolution/src/eShopModernizedWebForms/eShopModernizedWebForms.csproj
eshopmodernizing,Microsoft.AspNet.Web.Optimization.WebForms,1.1.3,1.1.3,replace,Low,,System.Web bundling.,Build-time bundling (Vite/esbuild) or LigerShark.WebOptimizer.Core,eShopLegacyWebFormsSolution/src/eShopLegacyWebForms/eShopLegacyWebForms.csproj; eShopModernizedWebFormsSolution/src/eShopModernizedWebForms/eShopModernizedWebForms.csproj
eshopmodernizing,Microsoft.AspNet.WebApi,5.2.7,5.3.0,replace,Info,,Web API 2 is .NET Framework only.,ASP.NET Core Web API (Microsoft.AspNetCore.Mvc.WebApiCompatShim is obsolete; port controllers),eShopLegacyMVCSolution/src/eShopLegacyMVC/eShopLegacyMVC.csproj
eshopmodernizing,Microsoft.AspNet.WebApi.Client,5.2.3; 5.2.7,6.0.0,replace,Info,,Web API 2 is .NET Framework only.,ASP.NET Core Web API (Microsoft.AspNetCore.Mvc.WebApiCompatShim is obsolete; port controllers),eShopLegacyMVCSolution/src/eShopLegacyMVC/eShopLegacyMVC.csproj; eShopLegacyNTier/src/eShopWinForms/eShopWinForms.csproj; eShopModernizedNTier/src/eShopWinForms/eShopWinForms.csproj; eShopModernizedNTier/src/eShopWinForms/eShopWinForms.fx.csproj
eshopmodernizing,Microsoft.AspNet.WebApi.Core,5.2.7,5.3.0,replace,Info,,Web API 2 is .NET Framework only.,ASP.NET Core Web API (Microsoft.AspNetCore.Mvc.WebApiCompatShim is obsolete; port controllers),eShopLegacyMVCSolution/src/eShopLegacyMVC/eShopLegacyMVC.csproj
eshopmodernizing,Microsoft.AspNet.WebApi.WebHost,5.2.7,5.3.0,replace,Info,,Web API 2 is .NET Framework only.,ASP.NET Core Web API (Microsoft.AspNetCore.Mvc.WebApiCompatShim is obsolete; port controllers),eShopLegacyMVCSolution/src/eShopLegacyMVC/eShopLegacyMVC.csproj
eshopmodernizing,Microsoft.AspNet.WebPages,3.2.7,3.3.0,replace,Info,,System.Web Razor.,ASP.NET Core Razor,eShopLegacyMVCSolution/src/eShopLegacyMVC/eShopLegacyMVC.csproj; eShopModernizedMVCSolution/src/eShopModernizedMVC/eShopModernizedMVC.csproj
eshopmodernizing,Microsoft.AspNetCore,2.2.0,2.3.13,upgrade,Info,,"Version in use is marked Other, Legacy on nuget.org; latest is 2.3.13.",,eShopLegacyMVCSolution/eShopPorted/eShopPorted.csproj
eshopmodernizing,Microsoft.AspNetCore.Mvc,2.2.0,2.3.13,upgrade,Info,,"Version in use is marked Other, Legacy on nuget.org; latest is 2.3.13.",,eShopLegacyMVCSolution/eShopPorted/eShopPorted.csproj
eshopmodernizing,Microsoft.AspNetCore.StaticFiles,2.2.0,2.3.13,upgrade,Info,,"Version in use is marked Other, Legacy on nuget.org; latest is 2.3.13.",,eShopLegacyMVCSolution/eShopPorted/eShopPorted.csproj
eshopmodernizing,Microsoft.Azure.KeyVault,3.0.4,3.0.5,replace,Medium,,Azure services: decide the AWS equivalent.,AWSSDK.S3 / AWSSDK.SecretsManager,eShopModernizedMVCSolution/src/eShopModernizedMVC/eShopModernizedMVC.csproj; eShopModernizedWebFormsSolution/src/eShopModernizedWebForms/eShopModernizedWebForms.csproj
eshopmodernizing,Microsoft.Azure.KeyVault.Core,3.0.4,3.0.5,replace,Medium,,Deprecated on nuget.org: Legacy; use Azure.Security.KeyVault.Keys,,eShopModernizedMVCSolution/src/eShopModernizedMVC/eShopModernizedMVC.csproj; eShopModernizedWebFormsSolution/src/eShopModernizedWebForms/eShopModernizedWebForms.csproj
eshopmodernizing,Microsoft.Azure.KeyVault.WebKey,3.0.4,3.0.5,replace,Medium,,Deprecated on nuget.org: Legacy; use Azure.Security.KeyVault.Keys,,eShopModernizedMVCSolution/src/eShopModernizedMVC/eShopModernizedMVC.csproj; eShopModernizedWebFormsSolution/src/eShopModernizedWebForms/eShopModernizedWebForms.csproj
eshopmodernizing,Microsoft.Azure.Services.AppAuthentication,1.3.1,1.6.2,replace,Medium,,Deprecated on nuget.org: Legacy; use Azure.Identity,,eShopModernizedMVCSolution/src/eShopModernizedMVC/eShopModernizedMVC.csproj; eShopModernizedWebFormsSolution/src/eShopModernizedWebForms/eShopModernizedWebForms.csproj
eshopmodernizing,Microsoft.Bcl.AsyncInterfaces,1.0.0,10.0.12,remove,Info,,Polyfills for .NET Framework.,Part of .NET 10,eShopModernizedMVCSolution/src/eShopModernizedMVC/eShopModernizedMVC.csproj; eShopModernizedWebFormsSolution/src/eShopModernizedWebForms/eShopModernizedWebForms.csproj
eshopmodernizing,Microsoft.CodeDom.Providers.DotNetCompilerPlatform,2.0.1,4.1.0,remove,Info,,Roslyn for ASP.NET runtime compilation.,Not needed (SDK compiles); Razor runtime compilation package if required,eShopLegacyMVCSolution/src/eShopLegacyMVC/eShopLegacyMVC.csproj; eShopLegacyWebFormsSolution/src/eShopLegacyWebForms/eShopLegacyWebForms.csproj; eShopModernizedMVCSolution/src/eShopModernizedMVC/eShopModernizedMVC.csproj; eShopModernizedWebFormsSolution/src/eShopModernizedWebForms/eShopModernizedWebForms.csproj
eshopmodernizing,Microsoft.Configuration.ConfigurationBuilders.Azure,2.0.0-beta,3.0.0,ok,Info,,Latest 3.0.0 targets any,,eShopModernizedMVCSolution/src/eShopModernizedMVC/eShopModernizedMVC.csproj; eShopModernizedWebFormsSolution/src/eShopModernizedWebForms/eShopModernizedWebForms.csproj
eshopmodernizing,Microsoft.Configuration.ConfigurationBuilders.Base,2.0.0-beta,3.0.0,ok,Info,,Latest 3.0.0 targets ,,eShopModernizedMVCSolution/src/eShopModernizedMVC/eShopModernizedMVC.csproj; eShopModernizedWebFormsSolution/src/eShopModernizedWebForms/eShopModernizedWebForms.csproj
eshopmodernizing,Microsoft.Configuration.ConfigurationBuilders.Environment,2.0.0-beta,3.0.0,ok,Info,,Latest 3.0.0 targets any,,eShopModernizedMVCSolution/src/eShopModernizedMVC/eShopModernizedMVC.csproj; eShopModernizedWebFormsSolution/src/eShopModernizedWebForms/eShopModernizedWebForms.csproj
eshopmodernizing,Microsoft.Configuration.ConfigurationBuilders.UserSecrets,2.0.0-beta,3.0.0,ok,Info,,Latest 3.0.0 targets any,,eShopModernizedMVCSolution/src/eShopModernizedMVC/eShopModernizedMVC.csproj; eShopModernizedWebFormsSolution/src/eShopModernizedWebForms/eShopModernizedWebForms.csproj
eshopmodernizing,Microsoft.CSharp,4.7.0,4.7.0,ok,Info,,"Latest 4.7.0 targets .netcore5.0, .netcoreapp2.0, .netframework4.5, .netportable0.0-profile259",,eShopLegacyMVCSolution/eShopPorted/eShopPorted.csproj
eshopmodernizing,Microsoft.Data.Edm,5.8.4,5.8.5,ok,Info,,Latest 5.8.5 targets ,,eShopModernizedMVCSolution/src/eShopModernizedMVC/eShopModernizedMVC.csproj; eShopModernizedWebFormsSolution/src/eShopModernizedWebForms/eShopModernizedWebForms.csproj
eshopmodernizing,Microsoft.Data.OData,5.8.4,5.8.5,replace,Medium,,Deprecated on nuget.org: CriticalBugs,,eShopModernizedMVCSolution/src/eShopModernizedMVC/eShopModernizedMVC.csproj; eShopModernizedWebFormsSolution/src/eShopModernizedWebForms/eShopModernizedWebForms.csproj
eshopmodernizing,Microsoft.Data.Services.Client,5.8.4,5.8.5,ok,Info,,"Latest 5.8.5 targets .netframework4.0, .netportable0.0-profile259, .netstandard1.1, silverlight4.0",,eShopModernizedMVCSolution/src/eShopModernizedMVC/eShopModernizedMVC.csproj; eShopModernizedWebFormsSolution/src/eShopModernizedWebForms/eShopModernizedWebForms.csproj
eshopmodernizing,Microsoft.EntityFrameworkCore,2.2.6,10.0.12,upgrade,Info,,"Version in use is marked Other, Legacy on nuget.org; latest is 10.0.12.",,eShopLegacyMVCSolution/eShopPorted/eShopPorted.csproj
eshopmodernizing,Microsoft.EntityFrameworkCore.Design,2.2.6,10.0.12,upgrade,Info,,"Version in use is marked Other, Legacy on nuget.org; latest is 10.0.12.",,eShopLegacyMVCSolution/eShopPorted/eShopPorted.csproj
eshopmodernizing,Microsoft.EntityFrameworkCore.Relational,2.2.6,10.0.12,upgrade,Info,,"Version in use is marked Other, Legacy on nuget.org; latest is 10.0.12.",,eShopLegacyMVCSolution/eShopPorted/eShopPorted.csproj
eshopmodernizing,Microsoft.EntityFrameworkCore.SqlServer,2.2.6,10.0.12,upgrade,Info,,"Version in use is marked Other, Legacy on nuget.org; latest is 10.0.12.",,eShopLegacyMVCSolution/eShopPorted/eShopPorted.csproj
eshopmodernizing,Microsoft.Extensions.Configuration,3.0.0,10.0.12,upgrade,Info,,"Cross-platform on .NET 10 in current versions; upgrade to a current major (check breaking changes). Version in use is marked Other, Legacy on nuget.org; latest is 10.0.12.",Current version,eShopModernizedMVCSolution/src/eShopModernizedMVC/eShopModernizedMVC.csproj; eShopModernizedWebFormsSolution/src/eShopModernizedWebForms/eShopModernizedWebForms.csproj
eshopmodernizing,Microsoft.Extensions.Configuration.Abstractions,3.0.0,10.0.12,upgrade,Info,,"Cross-platform on .NET 10 in current versions; upgrade to a current major (check breaking changes). Version in use is marked Other, Legacy on nuget.org; latest is 10.0.12.",Current version,eShopModernizedMVCSolution/src/eShopModernizedMVC/eShopModernizedMVC.csproj; eShopModernizedWebFormsSolution/src/eShopModernizedWebForms/eShopModernizedWebForms.csproj
eshopmodernizing,Microsoft.Extensions.Configuration.Binder,3.0.0,10.0.12,upgrade,Info,,"Cross-platform on .NET 10 in current versions; upgrade to a current major (check breaking changes). Version in use is marked Other, Legacy on nuget.org; latest is 10.0.12.",Current version,eShopModernizedMVCSolution/src/eShopModernizedMVC/eShopModernizedMVC.csproj; eShopModernizedWebFormsSolution/src/eShopModernizedWebForms/eShopModernizedWebForms.csproj
eshopmodernizing,Microsoft.Extensions.Configuration.FileExtensions,3.0.0,10.0.12,upgrade,Info,,"Cross-platform on .NET 10 in current versions; upgrade to a current major (check breaking changes). Version in use is marked Other, Legacy on nuget.org; latest is 10.0.12.",Current version,eShopModernizedMVCSolution/src/eShopModernizedMVC/eShopModernizedMVC.csproj; eShopModernizedWebFormsSolution/src/eShopModernizedWebForms/eShopModernizedWebForms.csproj
eshopmodernizing,Microsoft.Extensions.Configuration.Json,3.0.0,10.0.12,upgrade,Info,,"Cross-platform on .NET 10 in current versions; upgrade to a current major (check breaking changes). Version in use is marked Other, Legacy on nuget.org; latest is 10.0.12.",Current version,eShopModernizedMVCSolution/src/eShopModernizedMVC/eShopModernizedMVC.csproj; eShopModernizedWebFormsSolution/src/eShopModernizedWebForms/eShopModernizedWebForms.csproj
eshopmodernizing,Microsoft.Extensions.FileProviders.Abstractions,3.0.0,10.0.12,upgrade,Info,,"Cross-platform on .NET 10 in current versions; upgrade to a current major (check breaking changes). Version in use is marked Other, Legacy on nuget.org; latest is 10.0.12.",Current version,eShopModernizedMVCSolution/src/eShopModernizedMVC/eShopModernizedMVC.csproj; eShopModernizedWebFormsSolution/src/eShopModernizedWebForms/eShopModernizedWebForms.csproj
eshopmodernizing,Microsoft.Extensions.FileProviders.Physical,3.0.0,10.0.12,upgrade,Info,,"Cross-platform on .NET 10 in current versions; upgrade to a current major (check breaking changes). Version in use is marked Other, Legacy on nuget.org; latest is 10.0.12.",Current version,eShopModernizedMVCSolution/src/eShopModernizedMVC/eShopModernizedMVC.csproj; eShopModernizedWebFormsSolution/src/eShopModernizedWebForms/eShopModernizedWebForms.csproj
eshopmodernizing,Microsoft.Extensions.FileSystemGlobbing,3.0.0,10.0.12,upgrade,Info,,"Cross-platform on .NET 10 in current versions; upgrade to a current major (check breaking changes). Version in use is marked Other, Legacy on nuget.org; latest is 10.0.12.",Current version,eShopModernizedMVCSolution/src/eShopModernizedMVC/eShopModernizedMVC.csproj; eShopModernizedWebFormsSolution/src/eShopModernizedWebForms/eShopModernizedWebForms.csproj
eshopmodernizing,Microsoft.Extensions.Primitives,3.0.0,10.0.12,upgrade,Info,,"Cross-platform on .NET 10 in current versions; upgrade to a current major (check breaking changes). Version in use is marked Other, Legacy on nuget.org; latest is 10.0.12.",Current version,eShopModernizedMVCSolution/src/eShopModernizedMVC/eShopModernizedMVC.csproj; eShopModernizedWebFormsSolution/src/eShopModernizedWebForms/eShopModernizedWebForms.csproj
eshopmodernizing,Microsoft.IdentityModel.Clients.ActiveDirectory,5.2.4,5.3.0,replace,Medium,,Retired identity libraries.,Microsoft.AspNetCore.Authentication.OpenIdConnect / Duende IdentityServer (licence) / Cognito,eShopModernizedMVCSolution/src/eShopModernizedMVC/eShopModernizedMVC.csproj; eShopModernizedWebFormsSolution/src/eShopModernizedWebForms/eShopModernizedWebForms.csproj
eshopmodernizing,Microsoft.IdentityModel.JsonWebTokens,5.6.0,8.23.0,upgrade,Info,5.6.0: moderate severity advisory,Version in use is marked Legacy on nuget.org; latest is 8.23.0.,,eShopModernizedMVCSolution/src/eShopModernizedMVC/eShopModernizedMVC.csproj; eShopModernizedWebFormsSolution/src/eShopModernizedWebForms/eShopModernizedWebForms.csproj
eshopmodernizing,Microsoft.IdentityModel.Logging,5.6.0,8.23.0,upgrade,Info,,Version in use is marked Legacy on nuget.org; latest is 8.23.0.,,eShopModernizedMVCSolution/src/eShopModernizedMVC/eShopModernizedMVC.csproj; eShopModernizedWebFormsSolution/src/eShopModernizedWebForms/eShopModernizedWebForms.csproj
eshopmodernizing,Microsoft.IdentityModel.Protocol.Extensions,1.0.4.403061554,1.0.4.403061554,replace,Medium,,Retired identity libraries.,Microsoft.AspNetCore.Authentication.OpenIdConnect / Duende IdentityServer (licence) / Cognito,eShopModernizedMVCSolution/src/eShopModernizedMVC/eShopModernizedMVC.csproj; eShopModernizedWebFormsSolution/src/eShopModernizedWebForms/eShopModernizedWebForms.csproj
eshopmodernizing,Microsoft.IdentityModel.Protocols,5.6.0,8.23.0,upgrade,Info,,Version in use is marked Legacy on nuget.org; latest is 8.23.0.,,eShopModernizedMVCSolution/src/eShopModernizedMVC/eShopModernizedMVC.csproj; eShopModernizedWebFormsSolution/src/eShopModernizedWebForms/eShopModernizedWebForms.csproj
eshopmodernizing,Microsoft.IdentityModel.Protocols.OpenIdConnect,5.6.0,8.23.0,upgrade,Info,,Version in use is marked Legacy on nuget.org; latest is 8.23.0.,,eShopModernizedMVCSolution/src/eShopModernizedMVC/eShopModernizedMVC.csproj; eShopModernizedWebFormsSolution/src/eShopModernizedWebForms/eShopModernizedWebForms.csproj
eshopmodernizing,Microsoft.IdentityModel.Tokens,5.6.0,8.23.0,upgrade,Info,,Version in use is marked Legacy on nuget.org; latest is 8.23.0.,,eShopModernizedMVCSolution/src/eShopModernizedMVC/eShopModernizedMVC.csproj; eShopModernizedWebFormsSolution/src/eShopModernizedWebForms/eShopModernizedWebForms.csproj
eshopmodernizing,Microsoft.jQuery.Unobtrusive.Validation,3.2.11,4.0.0,replace,Low,,Client libraries delivered via NuGet (content packages).,npm / LibMan / CDN,eShopLegacyMVCSolution/src/eShopLegacyMVC/eShopLegacyMVC.csproj; eShopModernizedMVCSolution/src/eShopModernizedMVC/eShopModernizedMVC.csproj
eshopmodernizing,Microsoft.Net.Compilers,2.10.0; 3.3.1,4.2.0,remove,Info,,Roslyn for ASP.NET runtime compilation.,Not needed (SDK compiles); Razor runtime compilation package if required,eShopLegacyMVCSolution/src/eShopLegacyMVC/eShopLegacyMVC.csproj; eShopLegacyWebFormsSolution/src/eShopLegacyWebForms/eShopLegacyWebForms.csproj; eShopModernizedMVCSolution/src/eShopModernizedMVC/eShopModernizedMVC.csproj; eShopModernizedWebFormsSolution/src/eShopModernizedWebForms/eShopModernizedWebForms.csproj
eshopmodernizing,Microsoft.NETCore.Platforms,3.0.0,7.0.4,ok,Info,,Latest 7.0.4 targets ,,eShopModernizedMVCSolution/src/eShopModernizedMVC/eShopModernizedMVC.csproj; eShopModernizedWebFormsSolution/src/eShopModernizedWebForms/eShopModernizedWebForms.csproj
eshopmodernizing,Microsoft.Owin,4.2.2,4.2.3,replace,Medium,,Katana/OWIN pipeline.,ASP.NET Core middleware and authentication handlers,eShopModernizedMVCSolution/src/eShopModernizedMVC/eShopModernizedMVC.csproj; eShopModernizedWebFormsSolution/src/eShopModernizedWebForms/eShopModernizedWebForms.csproj
eshopmodernizing,Microsoft.Owin.Host.SystemWeb,4.0.1,4.2.3,replace,Medium,,Katana/OWIN pipeline.,ASP.NET Core middleware and authentication handlers,eShopModernizedMVCSolution/src/eShopModernizedMVC/eShopModernizedMVC.csproj; eShopModernizedWebFormsSolution/src/eShopModernizedWebForms/eShopModernizedWebForms.csproj
eshopmodernizing,Microsoft.Owin.Security,4.0.1,4.2.3,replace,Medium,,Katana/OWIN pipeline.,ASP.NET Core middleware and authentication handlers,eShopModernizedMVCSolution/src/eShopModernizedMVC/eShopModernizedMVC.csproj; eShopModernizedWebFormsSolution/src/eShopModernizedWebForms/eShopModernizedWebForms.csproj
eshopmodernizing,Microsoft.Owin.Security.Cookies,4.2.2,4.2.3,replace,Medium,,Katana/OWIN pipeline.,ASP.NET Core middleware and authentication handlers,eShopModernizedMVCSolution/src/eShopModernizedMVC/eShopModernizedMVC.csproj; eShopModernizedWebFormsSolution/src/eShopModernizedWebForms/eShopModernizedWebForms.csproj
eshopmodernizing,Microsoft.Owin.Security.OpenIdConnect,4.0.1,4.2.3,replace,Medium,,Katana/OWIN pipeline.,ASP.NET Core middleware and authentication handlers,eShopModernizedMVCSolution/src/eShopModernizedMVC/eShopModernizedMVC.csproj; eShopModernizedWebFormsSolution/src/eShopModernizedWebForms/eShopModernizedWebForms.csproj
eshopmodernizing,Microsoft.Rest.ClientRuntime,2.3.24,2.3.24,replace,Medium,,Deprecated on nuget.org: Legacy; use Azure.Core,,eShopModernizedMVCSolution/src/eShopModernizedMVC/eShopModernizedMVC.csproj; eShopModernizedWebFormsSolution/src/eShopModernizedWebForms/eShopModernizedWebForms.csproj
eshopmodernizing,Microsoft.Rest.ClientRuntime.Azure,3.3.19,3.3.19,replace,Medium,,Deprecated on nuget.org: Legacy; use Azure.Core,,eShopModernizedMVCSolution/src/eShopModernizedMVC/eShopModernizedMVC.csproj; eShopModernizedWebFormsSolution/src/eShopModernizedWebForms/eShopModernizedWebForms.csproj
eshopmodernizing,Microsoft.Web.Infrastructure,1.0.0.0,2.0.0,remove,Info,,System.Web infrastructure.,Not needed on ASP.NET Core,eShopLegacyMVCSolution/src/eShopLegacyMVC/eShopLegacyMVC.csproj; eShopLegacyWebFormsSolution/src/eShopLegacyWebForms/eShopLegacyWebForms.csproj; eShopModernizedMVCSolution/src/eShopModernizedMVC/eShopModernizedMVC.csproj; eShopModernizedWebFormsSolution/src/eShopModernizedWebForms/eShopModernizedWebForms.csproj
eshopmodernizing,Microsoft.Web.RedisSessionStateProvider,4.0.1,5.0.4,replace,Medium,,"No .NET Standard/.NET target in latest 5.0.4 (targets .netframework4.6.2, .netframework4.7.2)",,eShopModernizedMVCSolution/src/eShopModernizedMVC/eShopModernizedMVC.csproj; eShopModernizedWebFormsSolution/src/eShopModernizedWebForms/eShopModernizedWebForms.csproj
eshopmodernizing,Microsoft.Win32.Primitives,4.3.0,4.3.0,ok,Info,,"Latest 4.3.0 targets .netframework4.6, .netstandard1.3, monoandroid1.0, monotouch1.0",,eShopModernizedMVCSolution/src/eShopModernizedMVC/eShopModernizedMVC.csproj; eShopModernizedWebFormsSolution/src/eShopModernizedWebForms/eShopModernizedWebForms.csproj
eshopmodernizing,Microsoft.WindowsAzure.ConfigurationManager,3.2.3,3.2.3,replace,Medium,,Azure services: decide the AWS equivalent.,AWSSDK.S3 / AWSSDK.SecretsManager,eShopModernizedMVCSolution/src/eShopModernizedMVC/eShopModernizedMVC.csproj; eShopModernizedWebFormsSolution/src/eShopModernizedWebForms/eShopModernizedWebForms.csproj
eshopmodernizing,Modernizr,2.8.3,2.8.3,replace,Low,,Client libraries delivered via NuGet (content packages).,npm / LibMan / CDN,eShopLegacyMVCSolution/src/eShopLegacyMVC/eShopLegacyMVC.csproj; eShopLegacyWebFormsSolution/src/eShopLegacyWebForms/eShopLegacyWebForms.csproj; eShopModernizedMVCSolution/src/eShopModernizedMVC/eShopModernizedMVC.csproj; eShopModernizedWebFormsSolution/src/eShopModernizedWebForms/eShopModernizedWebForms.csproj
eshopmodernizing,NETStandard.Library,2.0.3,2.0.3,ok,Info,,"Latest 2.0.3 targets .netcoreapp2.0, .netframework4.5, .netframework4.6, .netframework4.6.1",,eShopModernizedMVCSolution/src/eShopModernizedMVC/eShopModernizedMVC.csproj; eShopModernizedWebFormsSolution/src/eShopModernizedWebForms/eShopModernizedWebForms.csproj
eshopmodernizing,Newtonsoft.Json,12.0.1; 13.0.2; 6.0.4,13.0.4,ok,Info,6.0.4: high severity advisory; 12.0.1: high severity advisory,Cross-platform on .NET 10 in current versions; upgrade to a current major (check breaking changes).,Current version,eShopLegacyMVCSolution/eShopPorted/eShopPorted.csproj; eShopLegacyMVCSolution/src/eShopLegacyMVC/eShopLegacyMVC.csproj; eShopLegacyNTier/src/eShopWinForms/eShopWinForms.csproj; eShopLegacyWebFormsSolution/src/eShopLegacyWebForms/eShopLegacyWebForms.csproj; eShopModernizedMVCSolution/src/eShopModernizedMVC/eShopModernizedMVC.csproj; eShopModernizedWebFormsSolution/src/eShopModernizedWebForms/eShopModernizedWebForms.csproj
eshopmodernizing,Owin,1.0,1.0.0,replace,Medium,,Katana/OWIN pipeline.,ASP.NET Core middleware and authentication handlers,eShopModernizedMVCSolution/src/eShopModernizedMVC/eShopModernizedMVC.csproj; eShopModernizedWebFormsSolution/src/eShopModernizedWebForms/eShopModernizedWebForms.csproj
eshopmodernizing,Pipelines.Sockets.Unofficial,1.0.7; 2.1.0,2.2.16,ok,Info,,"Latest 2.2.16 targets .netframework4.6.2, .netframework4.7.2, .netstandard2.0, .netstandard2.1",,eShopLegacyMVCSolution/src/eShopLegacyMVC/eShopLegacyMVC.csproj; eShopLegacyWebFormsSolution/src/eShopLegacyWebForms/eShopLegacyWebForms.csproj; eShopModernizedMVCSolution/src/eShopModernizedMVC/eShopModernizedMVC.csproj; eShopModernizedWebFormsSolution/src/eShopModernizedWebForms/eShopModernizedWebForms.csproj
eshopmodernizing,popper.js,1.14.3,1.16.1,ok,Info,,Latest 1.16.1 targets ,,eShopLegacyMVCSolution/src/eShopLegacyMVC/eShopLegacyMVC.csproj; eShopLegacyWebFormsSolution/src/eShopLegacyWebForms/eShopLegacyWebForms.csproj; eShopModernizedMVCSolution/src/eShopModernizedMVC/eShopModernizedMVC.csproj; eShopModernizedWebFormsSolution/src/eShopModernizedWebForms/eShopModernizedWebForms.csproj
eshopmodernizing,Respond,1.4.2,1.4.2,replace,Low,,Client libraries delivered via NuGet (content packages).,npm / LibMan / CDN,eShopLegacyMVCSolution/src/eShopLegacyMVC/eShopLegacyMVC.csproj; eShopLegacyWebFormsSolution/src/eShopLegacyWebForms/eShopLegacyWebForms.csproj; eShopModernizedMVCSolution/src/eShopModernizedMVC/eShopModernizedMVC.csproj; eShopModernizedWebFormsSolution/src/eShopModernizedWebForms/eShopModernizedWebForms.csproj
eshopmodernizing,StackExchange.Redis,2.0.601,3.3.1,ok,Info,,Cross-platform on .NET 10 in current versions; upgrade to a current major (check breaking changes).,Current version,eShopModernizedMVCSolution/src/eShopModernizedMVC/eShopModernizedMVC.csproj; eShopModernizedWebFormsSolution/src/eShopModernizedWebForms/eShopModernizedWebForms.csproj
eshopmodernizing,System.AppContext,4.3.0,4.3.0,ok,Info,,"Latest 4.3.0 targets .netcore5.0, .netframework4.6, .netframework4.6.3, .netstandard1.3",,eShopModernizedMVCSolution/src/eShopModernizedMVC/eShopModernizedMVC.csproj; eShopModernizedWebFormsSolution/src/eShopModernizedWebForms/eShopModernizedWebForms.csproj
eshopmodernizing,System.Buffers,4.4.0; 4.5.0; 4.5.1,4.6.1,remove,Info,,Polyfills for .NET Framework.,Part of .NET 10,eShopLegacyMVCSolution/src/eShopLegacyMVC/eShopLegacyMVC.csproj; eShopLegacyWebFormsSolution/src/eShopLegacyWebForms/eShopLegacyWebForms.csproj; eShopModernizedMVCSolution/src/eShopModernizedMVC/eShopModernizedMVC.csproj; eShopModernizedWebFormsSolution/src/eShopModernizedWebForms/eShopModernizedWebForms.csproj
eshopmodernizing,System.Collections,4.3.0,4.3.0,ok,Info,,"Latest 4.3.0 targets .netcore5.0, .netframework4.5, .netportable0.0-profile259, .netstandard1.0",,eShopModernizedMVCSolution/src/eShopModernizedMVC/eShopModernizedMVC.csproj; eShopModernizedWebFormsSolution/src/eShopModernizedWebForms/eShopModernizedWebForms.csproj
eshopmodernizing,System.Collections.Concurrent,4.3.0,4.3.0,ok,Info,,"Latest 4.3.0 targets .netcore5.0, .netframework4.5, .netportable0.0-profile111, .netstandard1.1",,eShopModernizedMVCSolution/src/eShopModernizedMVC/eShopModernizedMVC.csproj; eShopModernizedWebFormsSolution/src/eShopModernizedWebForms/eShopModernizedWebForms.csproj
eshopmodernizing,System.Collections.Immutable,1.6.0,10.0.12,upgrade,Info,,Version in use is marked Legacy on nuget.org; latest is 10.0.12.,,eShopModernizedMVCSolution/src/eShopModernizedMVC/eShopModernizedMVC.csproj; eShopModernizedWebFormsSolution/src/eShopModernizedWebForms/eShopModernizedWebForms.csproj
eshopmodernizing,System.Collections.NonGeneric,4.3.0,4.3.0,ok,Info,,"Latest 4.3.0 targets .netframework4.6, .netstandard1.3, monoandroid1.0, monotouch1.0",,eShopModernizedMVCSolution/src/eShopModernizedMVC/eShopModernizedMVC.csproj; eShopModernizedWebFormsSolution/src/eShopModernizedWebForms/eShopModernizedWebForms.csproj
eshopmodernizing,System.ComponentModel.EventBasedAsync,4.3.0,4.3.0,ok,Info,,"Latest 4.3.0 targets .netcore5.0, .netframework4.5, .netportable0.0-profile259, .netstandard1.0",,eShopModernizedMVCSolution/src/eShopModernizedMVC/eShopModernizedMVC.csproj; eShopModernizedWebFormsSolution/src/eShopModernizedWebForms/eShopModernizedWebForms.csproj
eshopmodernizing,System.ComponentModel.Primitives,4.3.0,4.3.0,ok,Info,,"Latest 4.3.0 targets .netframework4.5, .netstandard1.0, monoandroid1.0, monotouch1.0",,eShopModernizedMVCSolution/src/eShopModernizedMVC/eShopModernizedMVC.csproj; eShopModernizedWebFormsSolution/src/eShopModernizedWebForms/eShopModernizedWebForms.csproj
eshopmodernizing,System.ComponentModel.TypeConverter,4.3.0,4.3.0,ok,Info,,"Latest 4.3.0 targets .netframework4.5, .netframework4.6.2, .netstandard1.0, .netstandard1.5",,eShopModernizedMVCSolution/src/eShopModernizedMVC/eShopModernizedMVC.csproj; eShopModernizedWebFormsSolution/src/eShopModernizedWebForms/eShopModernizedWebForms.csproj
eshopmodernizing,System.Console,4.3.1,4.3.1,ok,Info,,"Latest 4.3.1 targets .netframework4.6, .netstandard1.3, monoandroid1.0, monotouch1.0",,eShopModernizedMVCSolution/src/eShopModernizedMVC/eShopModernizedMVC.csproj; eShopModernizedWebFormsSolution/src/eShopModernizedWebForms/eShopModernizedWebForms.csproj
eshopmodernizing,System.Diagnostics.Debug,4.3.0,4.3.0,ok,Info,,"Latest 4.3.0 targets .netcore5.0, .netframework4.5, .netportable0.0-profile259, .netstandard1.0",,eShopModernizedMVCSolution/src/eShopModernizedMVC/eShopModernizedMVC.csproj; eShopModernizedWebFormsSolution/src/eShopModernizedWebForms/eShopModernizedWebForms.csproj
eshopmodernizing,System.Diagnostics.DiagnosticSource,4.5.1; 4.6.0,10.0.12,ok,Info,,"Latest 10.0.12 targets .netframework4.6.2, .netstandard2.0, net10.0, net8.0",,eShopLegacyMVCSolution/src/eShopLegacyMVC/eShopLegacyMVC.csproj; eShopLegacyWebFormsSolution/src/eShopLegacyWebForms/eShopLegacyWebForms.csproj; eShopModernizedMVCSolution/src/eShopModernizedMVC/eShopModernizedMVC.csproj; eShopModernizedWebFormsSolution/src/eShopModernizedWebForms/eShopModernizedWebForms.csproj
eshopmodernizing,System.Diagnostics.PerformanceCounter,4.5.0; 4.6.0,10.0.12,windows-only,Medium,,Windows Compatibility Pack APIs (work on Windows only).,Cross-platform equivalents,eShopLegacyMVCSolution/src/eShopLegacyMVC/eShopLegacyMVC.csproj; eShopLegacyWebFormsSolution/src/eShopLegacyWebForms/eShopLegacyWebForms.csproj; eShopModernizedMVCSolution/src/eShopModernizedMVC/eShopModernizedMVC.csproj; eShopModernizedWebFormsSolution/src/eShopModernizedWebForms/eShopModernizedWebForms.csproj
eshopmodernizing,System.Diagnostics.Tools,4.3.0,4.3.0,ok,Info,,"Latest 4.3.0 targets .netcore5.0, .netframework4.5, .netportable0.0-profile259, .netstandard1.0",,eShopModernizedMVCSolution/src/eShopModernizedMVC/eShopModernizedMVC.csproj; eShopModernizedWebFormsSolution/src/eShopModernizedWebForms/eShopModernizedWebForms.csproj
eshopmodernizing,System.Diagnostics.Tracing,4.3.0,4.3.0,ok,Info,,"Latest 4.3.0 targets .netcore5.0, .netframework4.5, .netframework4.6.2, .netportable0.0-profile111",,eShopModernizedMVCSolution/src/eShopModernizedMVC/eShopModernizedMVC.csproj; eShopModernizedWebFormsSolution/src/eShopModernizedWebForms/eShopModernizedWebForms.csproj
eshopmodernizing,System.Dynamic.Runtime,4.3.0,4.3.0,ok,Info,,"Latest 4.3.0 targets .netcore5.0, .netframework4.5, .netportable0.0-profile259, .netstandard1.0",,eShopModernizedMVCSolution/src/eShopModernizedMVC/eShopModernizedMVC.csproj; eShopModernizedWebFormsSolution/src/eShopModernizedWebForms/eShopModernizedWebForms.csproj
eshopmodernizing,System.Globalization,4.3.0,4.3.0,ok,Info,,"Latest 4.3.0 targets .netcore5.0, .netframework4.5, .netportable0.0-profile259, .netstandard1.0",,eShopModernizedMVCSolution/src/eShopModernizedMVC/eShopModernizedMVC.csproj; eShopModernizedWebFormsSolution/src/eShopModernizedWebForms/eShopModernizedWebForms.csproj
eshopmodernizing,System.Globalization.Calendars,4.3.0,4.3.0,ok,Info,,"Latest 4.3.0 targets .netframework4.6, .netstandard1.3, monoandroid1.0, monotouch1.0",,eShopModernizedMVCSolution/src/eShopModernizedMVC/eShopModernizedMVC.csproj; eShopModernizedWebFormsSolution/src/eShopModernizedWebForms/eShopModernizedWebForms.csproj
eshopmodernizing,System.IdentityModel.Tokens.Jwt,5.6.0,8.23.0,upgrade,Info,5.6.0: moderate severity advisory,Version in use is marked Legacy on nuget.org; latest is 8.23.0.,,eShopModernizedMVCSolution/src/eShopModernizedMVC/eShopModernizedMVC.csproj; eShopModernizedWebFormsSolution/src/eShopModernizedWebForms/eShopModernizedWebForms.csproj
eshopmodernizing,System.IO,4.3.0,4.3.0,ok,Info,,"Latest 4.3.0 targets .netcore5.0, .netframework4.5, .netframework4.6.2, .netportable0.0-profile259",,eShopModernizedMVCSolution/src/eShopModernizedMVC/eShopModernizedMVC.csproj; eShopModernizedWebFormsSolution/src/eShopModernizedWebForms/eShopModernizedWebForms.csproj
eshopmodernizing,System.IO.Compression,4.3.0,4.3.0,ok,Info,,"Latest 4.3.0 targets .netcore5.0, .netframework4.5, .netframework4.6, .netportable0.0-profile111",,eShopLegacyMVCSolution/src/eShopLegacyMVC/eShopLegacyMVC.csproj; eShopLegacyWebFormsSolution/src/eShopLegacyWebForms/eShopLegacyWebForms.csproj; eShopModernizedMVCSolution/src/eShopModernizedMVC/eShopModernizedMVC.csproj; eShopModernizedWebFormsSolution/src/eShopModernizedWebForms/eShopModernizedWebForms.csproj
eshopmodernizing,System.IO.Compression.ZipFile,4.3.0,4.3.0,ok,Info,,"Latest 4.3.0 targets .netframework4.6, .netstandard1.3, monoandroid1.0, monotouch1.0",,eShopLegacyMVCSolution/src/eShopLegacyMVC/eShopLegacyMVC.csproj; eShopLegacyWebFormsSolution/src/eShopLegacyWebForms/eShopLegacyWebForms.csproj; eShopModernizedMVCSolution/src/eShopModernizedMVC/eShopModernizedMVC.csproj; eShopModernizedWebFormsSolution/src/eShopModernizedWebForms/eShopModernizedWebForms.csproj
eshopmodernizing,System.IO.FileSystem,4.3.0,4.3.0,ok,Info,,"Latest 4.3.0 targets .netframework4.6, .netstandard1.3, monoandroid1.0, monotouch1.0",,eShopModernizedMVCSolution/src/eShopModernizedMVC/eShopModernizedMVC.csproj; eShopModernizedWebFormsSolution/src/eShopModernizedWebForms/eShopModernizedWebForms.csproj
eshopmodernizing,System.IO.FileSystem.Primitives,4.3.0,4.3.0,ok,Info,,"Latest 4.3.0 targets .netframework4.6, .netstandard1.3, monoandroid1.0, monotouch1.0",,eShopModernizedMVCSolution/src/eShopModernizedMVC/eShopModernizedMVC.csproj; eShopModernizedWebFormsSolution/src/eShopModernizedWebForms/eShopModernizedWebForms.csproj
eshopmodernizing,System.IO.Pipelines,4.5.1; 4.6.0,10.0.12,ok,Info,,"Latest 10.0.12 targets .netframework4.6.2, .netstandard2.0, net10.0, net8.0",,eShopLegacyMVCSolution/src/eShopLegacyMVC/eShopLegacyMVC.csproj; eShopLegacyWebFormsSolution/src/eShopLegacyWebForms/eShopLegacyWebForms.csproj; eShopModernizedMVCSolution/src/eShopModernizedMVC/eShopModernizedMVC.csproj; eShopModernizedWebFormsSolution/src/eShopModernizedWebForms/eShopModernizedWebForms.csproj
eshopmodernizing,System.Linq,4.3.0,4.3.0,ok,Info,,"Latest 4.3.0 targets .netcore5.0, .netframework4.5, .netframework4.6.3, .netportable0.0-profile259",,eShopModernizedMVCSolution/src/eShopModernizedMVC/eShopModernizedMVC.csproj; eShopModernizedWebFormsSolution/src/eShopModernizedWebForms/eShopModernizedWebForms.csproj
eshopmodernizing,System.Linq.Expressions,4.3.0,4.3.0,ok,Info,,"Latest 4.3.0 targets .netcore5.0, .netframework4.5, .netframework4.6.3, .netportable0.0-profile259",,eShopModernizedMVCSolution/src/eShopModernizedMVC/eShopModernizedMVC.csproj; eShopModernizedWebFormsSolution/src/eShopModernizedWebForms/eShopModernizedWebForms.csproj
eshopmodernizing,System.Linq.Queryable,4.3.0,4.3.0,ok,Info,,"Latest 4.3.0 targets .netcore5.0, .netframework4.5, .netportable0.0-profile259, .netstandard1.0",,eShopModernizedMVCSolution/src/eShopModernizedMVC/eShopModernizedMVC.csproj; eShopModernizedWebFormsSolution/src/eShopModernizedWebForms/eShopModernizedWebForms.csproj
eshopmodernizing,System.Memory,4.5.1; 4.5.3; 4.5.4,4.6.3,remove,Info,,Polyfills for .NET Framework.,Part of .NET 10,eShopLegacyMVCSolution/src/eShopLegacyMVC/eShopLegacyMVC.csproj; eShopLegacyWebFormsSolution/src/eShopLegacyWebForms/eShopLegacyWebForms.csproj; eShopModernizedMVCSolution/src/eShopModernizedMVC/eShopModernizedMVC.csproj; eShopModernizedWebFormsSolution/src/eShopModernizedWebForms/eShopModernizedWebForms.csproj
eshopmodernizing,System.Net.Http,4.3.4,4.3.4,remove,Info,,Polyfills for .NET Framework.,Part of .NET 10,eShopLegacyMVCSolution/src/eShopLegacyMVC/eShopLegacyMVC.csproj; eShopModernizedMVCSolution/src/eShopModernizedMVC/eShopModernizedMVC.csproj; eShopModernizedWebFormsSolution/src/eShopModernizedWebForms/eShopModernizedWebForms.csproj
eshopmodernizing,System.Net.Primitives,4.3.1,4.3.1,ok,Info,,"Latest 4.3.1 targets .netcore5.0, .netframework4.5, .netportable0.0-profile259, .netstandard1.0",,eShopModernizedMVCSolution/src/eShopModernizedMVC/eShopModernizedMVC.csproj; eShopModernizedWebFormsSolution/src/eShopModernizedWebForms/eShopModernizedWebForms.csproj
eshopmodernizing,System.Net.Requests,4.3.0,4.3.0,ok,Info,,"Latest 4.3.0 targets .netcore5.0, .netframework4.5, .netframework4.6, .netportable0.0-profile259",,eShopModernizedMVCSolution/src/eShopModernizedMVC/eShopModernizedMVC.csproj; eShopModernizedWebFormsSolution/src/eShopModernizedWebForms/eShopModernizedWebForms.csproj
eshopmodernizing,System.Net.Sockets,4.3.0,4.3.0,ok,Info,,"Latest 4.3.0 targets .netframework4.6, .netstandard1.3, monoandroid1.0, monotouch1.0",,eShopModernizedMVCSolution/src/eShopModernizedMVC/eShopModernizedMVC.csproj; eShopModernizedWebFormsSolution/src/eShopModernizedWebForms/eShopModernizedWebForms.csproj
eshopmodernizing,System.Numerics.Vectors,4.4.0; 4.5.0,4.6.1,ok,Info,,"Latest 4.6.1 targets .netcoreapp2.0, .netframework4.6.2, .netstandard2.0, .netstandard2.1",,eShopLegacyMVCSolution/src/eShopLegacyMVC/eShopLegacyMVC.csproj; eShopLegacyWebFormsSolution/src/eShopLegacyWebForms/eShopLegacyWebForms.csproj; eShopModernizedMVCSolution/src/eShopModernizedMVC/eShopModernizedMVC.csproj; eShopModernizedWebFormsSolution/src/eShopModernizedWebForms/eShopModernizedWebForms.csproj
eshopmodernizing,System.ObjectModel,4.3.0,4.3.0,ok,Info,,"Latest 4.3.0 targets .netcore5.0, .netframework4.5, .netportable0.0-profile259, .netstandard1.0",,eShopModernizedMVCSolution/src/eShopModernizedMVC/eShopModernizedMVC.csproj; eShopModernizedWebFormsSolution/src/eShopModernizedWebForms/eShopModernizedWebForms.csproj
eshopmodernizing,System.Reflection,4.3.0,4.3.0,ok,Info,,"Latest 4.3.0 targets .netcore5.0, .netframework4.5, .netframework4.6.2, .netportable0.0-profile259",,eShopModernizedMVCSolution/src/eShopModernizedMVC/eShopModernizedMVC.csproj; eShopModernizedWebFormsSolution/src/eShopModernizedWebForms/eShopModernizedWebForms.csproj
eshopmodernizing,System.Reflection.Extensions,4.3.0,4.3.0,ok,Info,,"Latest 4.3.0 targets .netcore5.0, .netframework4.5, .netportable0.0-profile259, .netstandard1.0",,eShopModernizedMVCSolution/src/eShopModernizedMVC/eShopModernizedMVC.csproj; eShopModernizedWebFormsSolution/src/eShopModernizedWebForms/eShopModernizedWebForms.csproj
eshopmodernizing,System.Reflection.Primitives,4.3.0,4.3.0,ok,Info,,"Latest 4.3.0 targets .netcore5.0, .netframework4.5, .netportable0.0-profile259, .netstandard1.0",,eShopModernizedMVCSolution/src/eShopModernizedMVC/eShopModernizedMVC.csproj; eShopModernizedWebFormsSolution/src/eShopModernizedWebForms/eShopModernizedWebForms.csproj
eshopmodernizing,System.Resources.ResourceManager,4.3.0,4.3.0,ok,Info,,"Latest 4.3.0 targets .netcore5.0, .netframework4.5, .netportable0.0-profile259, .netstandard1.0",,eShopModernizedMVCSolution/src/eShopModernizedMVC/eShopModernizedMVC.csproj; eShopModernizedWebFormsSolution/src/eShopModernizedWebForms/eShopModernizedWebForms.csproj
eshopmodernizing,System.Runtime,4.3.1,4.3.1,ok,Info,,"Latest 4.3.1 targets .netcore5.0, .netframework4.5, .netframework4.6.2, .netportable0.0-profile259",,eShopModernizedMVCSolution/src/eShopModernizedMVC/eShopModernizedMVC.csproj; eShopModernizedWebFormsSolution/src/eShopModernizedWebForms/eShopModernizedWebForms.csproj
eshopmodernizing,System.Runtime.CompilerServices.Unsafe,4.5.0; 4.6.0,6.1.2,remove,Info,,Polyfills for .NET Framework.,Part of .NET 10,eShopLegacyMVCSolution/src/eShopLegacyMVC/eShopLegacyMVC.csproj; eShopLegacyWebFormsSolution/src/eShopLegacyWebForms/eShopLegacyWebForms.csproj; eShopModernizedMVCSolution/src/eShopModernizedMVC/eShopModernizedMVC.csproj; eShopModernizedWebFormsSolution/src/eShopModernizedWebForms/eShopModernizedWebForms.csproj
eshopmodernizing,System.Runtime.Extensions,4.3.1,4.3.1,ok,Info,,"Latest 4.3.1 targets .netcore5.0, .netframework4.5, .netframework4.6.2, .netportable0.0-profile259",,eShopModernizedMVCSolution/src/eShopModernizedMVC/eShopModernizedMVC.csproj; eShopModernizedWebFormsSolution/src/eShopModernizedWebForms/eShopModernizedWebForms.csproj
eshopmodernizing,System.Runtime.Handles,4.3.0,4.3.0,ok,Info,,"Latest 4.3.0 targets .netframework4.6, .netstandard1.3, monoandroid1.0, monotouch1.0",,eShopModernizedMVCSolution/src/eShopModernizedMVC/eShopModernizedMVC.csproj; eShopModernizedWebFormsSolution/src/eShopModernizedWebForms/eShopModernizedWebForms.csproj
eshopmodernizing,System.Runtime.InteropServices,4.3.0,4.3.0,ok,Info,,"Latest 4.3.0 targets .netcore5.0, .netcoreapp1.1, .netframework4.5, .netframework4.6.2",,eShopModernizedMVCSolution/src/eShopModernizedMVC/eShopModernizedMVC.csproj; eShopModernizedWebFormsSolution/src/eShopModernizedWebForms/eShopModernizedWebForms.csproj
eshopmodernizing,System.Runtime.InteropServices.RuntimeInformation,4.3.0,4.3.0,ok,Info,,"Latest 4.3.0 targets .netcore5.0, .netframework4.5, .netstandard1.1, monoandroid1.0",,eShopModernizedMVCSolution/src/eShopModernizedMVC/eShopModernizedMVC.csproj; eShopModernizedWebFormsSolution/src/eShopModernizedWebForms/eShopModernizedWebForms.csproj
eshopmodernizing,System.Runtime.Numerics,4.3.0,4.3.0,ok,Info,,"Latest 4.3.0 targets .netcore5.0, .netframework4.5, .netportable0.0-profile111, .netstandard1.1",,eShopModernizedMVCSolution/src/eShopModernizedMVC/eShopModernizedMVC.csproj; eShopModernizedWebFormsSolution/src/eShopModernizedWebForms/eShopModernizedWebForms.csproj
eshopmodernizing,System.Security.Cryptography.Algorithms,4.3.1,4.3.1,ok,Info,,"Latest 4.3.1 targets .netcore5.0, .netframework4.6, .netframework4.6.1, .netframework4.6.3",,eShopModernizedMVCSolution/src/eShopModernizedMVC/eShopModernizedMVC.csproj; eShopModernizedWebFormsSolution/src/eShopModernizedWebForms/eShopModernizedWebForms.csproj
eshopmodernizing,System.Security.Cryptography.Encoding,4.3.0,4.3.0,ok,Info,,"Latest 4.3.0 targets .netframework4.6, .netstandard1.3, monoandroid1.0, monotouch1.0",,eShopModernizedMVCSolution/src/eShopModernizedMVC/eShopModernizedMVC.csproj; eShopModernizedWebFormsSolution/src/eShopModernizedWebForms/eShopModernizedWebForms.csproj
eshopmodernizing,System.Security.Cryptography.Primitives,4.3.0,4.3.0,ok,Info,,"Latest 4.3.0 targets .netframework4.6, .netstandard1.3, monoandroid1.0, monotouch1.0",,eShopModernizedMVCSolution/src/eShopModernizedMVC/eShopModernizedMVC.csproj; eShopModernizedWebFormsSolution/src/eShopModernizedWebForms/eShopModernizedWebForms.csproj
eshopmodernizing,System.Security.Cryptography.X509Certificates,4.3.2,4.3.2,ok,Info,,"Latest 4.3.2 targets .netcore5.0, .netframework4.6, .netframework4.6.1, .netstandard1.3",,eShopModernizedMVCSolution/src/eShopModernizedMVC/eShopModernizedMVC.csproj; eShopModernizedWebFormsSolution/src/eShopModernizedWebForms/eShopModernizedWebForms.csproj
eshopmodernizing,System.ServiceModel.Duplex,4.8.0,6.0.0,upgrade,Info,,"Version in use is marked Other, Legacy on nuget.org; latest is 6.0.0.",,eShopModernizedNTier/src/eShopWinForms/eShopWinForms.csproj
eshopmodernizing,System.ServiceModel.Http,4.8.0,10.0.652802,upgrade,Info,,"Version in use is marked Other, Legacy on nuget.org; latest is 10.0.652802.",,eShopModernizedNTier/src/eShopWinForms/eShopWinForms.csproj
eshopmodernizing,System.ServiceModel.NetTcp,4.8.0,10.0.652802,upgrade,Info,,"Version in use is marked Other, Legacy on nuget.org; latest is 10.0.652802.",,eShopModernizedNTier/src/eShopWinForms/eShopWinForms.csproj
eshopmodernizing,System.ServiceModel.Security,4.8.0,6.0.0,upgrade,Info,,"Version in use is marked Other, Legacy on nuget.org; latest is 6.0.0.",,eShopModernizedNTier/src/eShopWinForms/eShopWinForms.csproj
eshopmodernizing,System.Spatial,5.8.4,5.8.5,ok,Info,,Latest 5.8.5 targets ,,eShopModernizedMVCSolution/src/eShopModernizedMVC/eShopModernizedMVC.csproj; eShopModernizedWebFormsSolution/src/eShopModernizedWebForms/eShopModernizedWebForms.csproj
eshopmodernizing,System.Text.Encoding,4.3.0,4.3.0,ok,Info,,"Latest 4.3.0 targets .netcore5.0, .netframework4.5, .netportable0.0-profile259, .netstandard1.0",,eShopModernizedMVCSolution/src/eShopModernizedMVC/eShopModernizedMVC.csproj; eShopModernizedWebFormsSolution/src/eShopModernizedWebForms/eShopModernizedWebForms.csproj
eshopmodernizing,System.Text.Encoding.Extensions,4.3.0,4.3.0,ok,Info,,"Latest 4.3.0 targets .netcore5.0, .netframework4.5, .netportable0.0-profile259, .netstandard1.0",,eShopModernizedMVCSolution/src/eShopModernizedMVC/eShopModernizedMVC.csproj; eShopModernizedWebFormsSolution/src/eShopModernizedWebForms/eShopModernizedWebForms.csproj
eshopmodernizing,System.Text.Encodings.Web,4.7.2,10.0.12,ok,Info,,"Latest 10.0.12 targets .netframework4.6.2, .netstandard2.0, net10.0, net8.0",,eShopModernizedMVCSolution/src/eShopModernizedMVC/eShopModernizedMVC.csproj; eShopModernizedWebFormsSolution/src/eShopModernizedWebForms/eShopModernizedWebForms.csproj
eshopmodernizing,System.Text.Json,4.6.0,10.0.12,upgrade,Info,,Version in use is marked Legacy on nuget.org; latest is 10.0.12.,,eShopModernizedMVCSolution/src/eShopModernizedMVC/eShopModernizedMVC.csproj; eShopModernizedWebFormsSolution/src/eShopModernizedWebForms/eShopModernizedWebForms.csproj
eshopmodernizing,System.Text.RegularExpressions,4.3.1,4.3.1,ok,Info,,"Latest 4.3.1 targets .netcore5.0, .netcoreapp1.1, .netframework4.5, .netframework4.6.3",,eShopModernizedMVCSolution/src/eShopModernizedMVC/eShopModernizedMVC.csproj; eShopModernizedWebFormsSolution/src/eShopModernizedWebForms/eShopModernizedWebForms.csproj
eshopmodernizing,System.Threading,4.3.0,4.3.0,ok,Info,,"Latest 4.3.0 targets .netcore5.0, .netframework4.5, .netportable0.0-profile259, .netstandard1.0",,eShopModernizedMVCSolution/src/eShopModernizedMVC/eShopModernizedMVC.csproj; eShopModernizedWebFormsSolution/src/eShopModernizedWebForms/eShopModernizedWebForms.csproj
eshopmodernizing,System.Threading.Channels,4.5.0; 4.6.0,10.0.12,ok,Info,,"Latest 10.0.12 targets .netframework4.6.2, .netstandard2.0, .netstandard2.1, net10.0",,eShopLegacyMVCSolution/src/eShopLegacyMVC/eShopLegacyMVC.csproj; eShopLegacyWebFormsSolution/src/eShopLegacyWebForms/eShopLegacyWebForms.csproj; eShopModernizedMVCSolution/src/eShopModernizedMVC/eShopModernizedMVC.csproj; eShopModernizedWebFormsSolution/src/eShopModernizedWebForms/eShopModernizedWebForms.csproj
eshopmodernizing,System.Threading.Tasks,4.3.0,4.3.0,ok,Info,,"Latest 4.3.0 targets .netcore5.0, .netframework4.5, .netportable0.0-profile259, .netstandard1.0",,eShopModernizedMVCSolution/src/eShopModernizedMVC/eShopModernizedMVC.csproj; eShopModernizedWebFormsSolution/src/eShopModernizedWebForms/eShopModernizedWebForms.csproj
eshopmodernizing,System.Threading.Tasks.Dataflow,4.10.0,10.0.12,ok,Info,,"Latest 10.0.12 targets .netframework4.6.2, .netstandard2.0, .netstandard2.1, net10.0",,eShopModernizedMVCSolution/src/eShopModernizedMVC/eShopModernizedMVC.csproj; eShopModernizedWebFormsSolution/src/eShopModernizedWebForms/eShopModernizedWebForms.csproj
eshopmodernizing,System.Threading.Tasks.Extensions,4.5.1; 4.5.3,4.6.3,remove,Info,,Polyfills for .NET Framework.,Part of .NET 10,eShopLegacyMVCSolution/src/eShopLegacyMVC/eShopLegacyMVC.csproj; eShopLegacyWebFormsSolution/src/eShopLegacyWebForms/eShopLegacyWebForms.csproj; eShopModernizedMVCSolution/src/eShopModernizedMVC/eShopModernizedMVC.csproj; eShopModernizedWebFormsSolution/src/eShopModernizedWebForms/eShopModernizedWebForms.csproj
eshopmodernizing,System.Threading.Tasks.Parallel,4.3.0,4.3.0,ok,Info,,"Latest 4.3.0 targets .netcore5.0, .netframework4.5, .netportable0.0-profile111, .netstandard1.1",,eShopModernizedMVCSolution/src/eShopModernizedMVC/eShopModernizedMVC.csproj; eShopModernizedWebFormsSolution/src/eShopModernizedWebForms/eShopModernizedWebForms.csproj
eshopmodernizing,System.Threading.Timer,4.3.0,4.3.0,ok,Info,,"Latest 4.3.0 targets .netcore5.0, .netframework4.5.1, .netportable0.0-profile151, .netstandard1.2",,eShopModernizedMVCSolution/src/eShopModernizedMVC/eShopModernizedMVC.csproj; eShopModernizedWebFormsSolution/src/eShopModernizedWebForms/eShopModernizedWebForms.csproj
eshopmodernizing,System.ValueTuple,4.5.0,4.6.2,remove,Info,,Polyfills for .NET Framework.,Part of .NET 10,eShopModernizedMVCSolution/src/eShopModernizedMVC/eShopModernizedMVC.csproj; eShopModernizedWebFormsSolution/src/eShopModernizedWebForms/eShopModernizedWebForms.csproj
eshopmodernizing,System.Xml.ReaderWriter,4.3.1,4.3.1,ok,Info,,"Latest 4.3.1 targets .netcore5.0, .netframework4.5, .netframework4.6, .netportable0.0-profile259",,eShopModernizedMVCSolution/src/eShopModernizedMVC/eShopModernizedMVC.csproj; eShopModernizedWebFormsSolution/src/eShopModernizedWebForms/eShopModernizedWebForms.csproj
eshopmodernizing,System.Xml.XDocument,4.3.0,4.3.0,ok,Info,,"Latest 4.3.0 targets .netcore5.0, .netframework4.5, .netportable0.0-profile259, .netstandard1.0",,eShopModernizedMVCSolution/src/eShopModernizedMVC/eShopModernizedMVC.csproj; eShopModernizedWebFormsSolution/src/eShopModernizedWebForms/eShopModernizedWebForms.csproj
eshopmodernizing,Validation,2.4.22,2.6.68,ok,Info,,"Latest 2.6.68 targets .netframework3.5, .netframework4.6.2, .netstandard2.0, net8.0",,eShopModernizedMVCSolution/src/eShopModernizedMVC/eShopModernizedMVC.csproj; eShopModernizedWebFormsSolution/src/eShopModernizedWebForms/eShopModernizedWebForms.csproj
eshopmodernizing,WebGrease,1.6.0,1.6.0,remove,Info,,Bundling dependencies.,Not needed,eShopLegacyMVCSolution/eShopPorted/eShopPorted.csproj; eShopLegacyMVCSolution/src/eShopLegacyMVC/eShopLegacyMVC.csproj; eShopLegacyWebFormsSolution/src/eShopLegacyWebForms/eShopLegacyWebForms.csproj; eShopModernizedMVCSolution/src/eShopModernizedMVC/eShopModernizedMVC.csproj; eShopModernizedWebFormsSolution/src/eShopModernizedWebForms/eShopModernizedWebForms.csproj
eshopmodernizing,WindowsAzure.ServiceBus,6.0.0,7.0.1,replace,Medium,,Deprecated on nuget.org: Other; use Azure.Messaging.ServiceBus,,eShopModernizedMVCSolution/src/eShopModernizedMVC/eShopModernizedMVC.csproj; eShopModernizedWebFormsSolution/src/eShopModernizedWebForms/eShopModernizedWebForms.csproj
eshopmodernizing,WindowsAzure.Storage,9.3.3,9.3.3,replace,Medium,,Azure services: decide the AWS equivalent.,AWSSDK.S3 / AWSSDK.SecretsManager,eShopModernizedMVCSolution/src/eShopModernizedMVC/eShopModernizedMVC.csproj; eShopModernizedWebFormsSolution/src/eShopModernizedWebForms/eShopModernizedWebForms.csproj
